VideoID;AuthorDisplayName;Comment;LikeCount;PublishedAt;UpdatedAt;ParentID;CommentID
dQw4w9WgXcQ;TechGuru88;This video changed my perspective! Highly recommend. üëç https://www.example.com/video1;154;2024-06-20T14:35:01Z;2024-06-20T14:35:01Z;NA;Ugw3KPnh-5QJnBpeymd4AaABAg
xyz789AbCde;ArtLover22;Absolutely stunning visuals! ‚ú®;87;2024-06-19T18:02:10Z;2024-06-19T18:02:10Z;NA;Ugy9J-5h-1RKnBpeymd4AabGAg
fGHjKlMnOpq;GamerProX;LOL, this part was hilarious! üòÇ;301;2024-06-18T10:15:45Z;2024-06-18T10:15:45Z;NA;Ugw2E-8j-7FKmBpeymd4AaACBg
PqRsTuVwXyz;MusicFanatic_1;The soundtrack is just perfect! üé∂ Check out this hidden gem: https://www.music.example.com/track7;210;2024-06-17T22:40:00Z;2024-06-17T22:40:00Z;NA;Ugx0L-9k-6SMlBpeymd4AaACAg
aBcDeFgHiJk;CookWithMe;So many great tips! Will definitely try this recipe. üòä;95;2024-06-16T09:05:30Z;2024-06-16T09:05:30Z;NA;Ugx3M-6n-8NTmBpeymd4AaADAg
LmNoPqRsTuv;TravelExplorer;Dream destination! ‚úàÔ∏è I need to go here. :-);180;2024-06-15T16:50:12Z;2024-06-15T16:50:12Z;NA;Ugw7Q-2p-3QUoBpeymd4AaAEAg
wXyZaBcDeFf;BookwormB;Insightful analysis, truly thought-provoking. What are your thoughts? :-D;120;2024-06-14T11:20:05Z;2024-06-14T11:20:05Z;NA;Ugy1R-0q-9RVpBpeymd4AaAFAg
gHiJkLmNoPp;FitnessFreak;Motivating content! üí™ Keep up the great work.;65;2024-06-13T07:30:10Z;2024-06-13T07:30:10Z;NA;Ugz5S-4t-1SWqBpeymd4AaAGAg
QrStUvWxYza;MovieBuff_7;A classic! Still gives me chills. üò±;250;2024-06-12T20:00:00Z;2024-06-12T20:00:00Z;NA;Ugy8T-7u-2TXrBpeymd4AaAHAh
bCdEfGhIjJk;FashionistaF;Love the outfit ideas! Where can I find more like this? https://www.style.example.com/blog;110;2024-06-11T13:10:20Z;2024-06-11T13:10:20Z;NA;Ugy2U-6v-0UYsBpeymd4AaAIi
lMnOqRsTuUv;ScienceGeek;Fascinating explanation of quantum physics. ‚öõÔ∏è;190;2024-06-10T17:45:10Z;2024-06-10T17:45:10Z;NA;Ugw4V-9w-4WXtBpeymd4AaAJj
wXyZaBcDeGg;DIYQueen;Such a clever hack! Gonna try this weekend. üòâ;70;2024-06-09T09:55:00Z;2024-06-09T09:55:00Z;NA;Ugw6W-1x-8YXxBpeymd4AaAKk
hIjKlMnOoPq;PetLoverP;Aww, so cute! üê∂‚ù§Ô∏è;350;2024-06-08T19:20:15Z;2024-06-08T19:20:15Z;NA;Ugy0X-3y-7ZYzBpeymd4AaALl
RsTuVwXyZaB;HistoryBuff;Learned so much from this! üìú Highly recommend checking out this article too: https://www.history.example.com/ancient-rome;160;2024-06-07T14:00:00Z;2024-06-07T14:00:00Z;NA;Ugz9Y-5z-6AZABpeymd4AaAMm
cDeFgHiJkLl;FoodieFrenzy;My new favorite recipe! üòã Thank you!;130;2024-06-06T12:12:12Z;2024-06-06T12:12:12Z;NA;Ugw1Z-8a-5BACBpeymd4AaANn
mNoPqRsTuUv;PhotographyP;Amazing lighting! Any tips on achieving this? üì∏;90;2024-06-05T16:30:00Z;2024-06-05T16:30:00Z;NA;Ugw5A-0b-3CDBpeymd4AaAOo
wXyZaBcDeHh;TechEnthusiast;Mind-blowing technology! üöÄ;220;2024-06-04T11:00:00Z;2024-06-04T11:00:00Z;NA;Ugy7B-4d-1EFCBpeymd4AaAPP
iJkLmNoPpQq;NatureLoverN;So peaceful and beautiful. üå≥üòä;100;2024-06-03T08:45:00Z;2024-06-03T08:45:00Z;NA;Ugx0C-7f-0GHDBpeymd4AaAQq
rStUvWxYzAa;ArtistAtHeart;Inspiring work! What brushes do you use? ü§î;75;2024-06-02T21:10:00Z;2024-06-02T21:10:00Z;NA;Ugy3D-2h-9IJEBpeymd4AaARr
bCdEfGhIjKk;GadgetGeek;Need this gadget in my life! Take a look: https://www.gadget.example.com/new-device;170;2024-06-01T15:20:00Z;2024-06-01T15:20:00Z;NA;Ugw9E-6k-7LMFBpeymd4AaASs
lMnOqRsTuVv;SpaceExplorer;Unbelievable! üåå We live in an amazing universe. :O;280;2024-05-31T19:00:00Z;2024-05-31T19:00:00Z;NA;Ugz2F-8l-4NOGBpeymd4AaATt
wXyZaBcDeIi;DIYDad;Practical and easy! Thanks for sharing. üëç;80;2024-05-30T10:40:00Z;2024-05-30T10:40:00Z;NA;Ugy4G-1n-2PQHBpeymd4AaAUu
jKlMnOoPpQq;HealthNut;Great advice on nutrition. üçé Feeling motivated!;115;2024-05-29T07:00:00Z;2024-05-29T07:00:00Z;NA;Ugx6H-5o-0RSI
rStUvWxYzBb;GamerGirl;So many memories from this game! ‚ù§Ô∏è;195;2024-05-28T23:00:00Z;2024-05-28T23:00:00Z;NA;Ugw8I-7p-3TVJ
cDeFgHiJkLk;TravelBug;Adding this to my bucket list! üåç :-);140;2024-05-27T14:50:00Z;2024-05-27T14:50:00Z;NA;Ugw0J-9q-1WUK
mNoPqRsTuVv;CodingMaster;Very clear tutorial, thanks! For more coding tips, visit: https://www.code.example.com/tutorials;200;2024-05-26T12:00:00Z;2024-05-26T12:00:00Z;NA;Ugy2K-8r-4XVL
wXyZaBcDeJj;HistorianH;Such a detailed documentary! Impressive research. üßê;105;2024-05-25T18:30:00Z;2024-05-25T18:30:00Z;NA;Ugw4L-0s-7YWM
kLmNoPpQqRr;MindfulM;This really helped me relax. üôè;70;2024-05-24T09:15:00Z;2024-05-24T09:15:00Z;NA;Ugy6M-3t-9ZBN
sTuVwXyZaCc;CarEnthusiast;What a beauty! üèéÔ∏èüí®;260;2024-05-23T20:40:00Z;2024-05-23T20:40:00Z;NA;Ugw9N-5u-2CAD
dEfGhIjKlLl;GardeningGuru;My plants are thriving now! üå∏ This guide helped immensely: https://www.garden.example.com/tips;135;2024-05-22T13:00:00Z;2024-05-22T13:00:00Z;NA;Ugy1O-7v-0EAE
mNoPqRsTuVv;BookLover;Such a compelling story. üìö;165;2024-05-21T17:25:00Z;2024-05-21T17:25:00Z;NA;Ugw3P-9w-4FBF
wXyZaBcDeKk;DIYer_Girl;I wish I had seen this sooner! So simple. üòÑ;85;2024-05-20T11:10:00Z;2024-05-20T11:10:00Z;NA;Ugy5Q-2x-7GCG
lMnOqRsTuVv;FoodCritic;This looks absolutely delicious! ü§§;175;2024-05-19T19:50:00Z;2024-05-19T19:50:00Z;NA;Ugw7R-4y-9HDA
mNoPqRsTuVv;ScienceBuff;Mind-blown! ü§Ø The universe is incredible. Check out this research paper: https://www.science.example.com/universe-facts;215;2024-05-18T15:30:00Z;2024-05-18T15:30:00Z;NA;Ugz0S-6z-1IEB
wXyZaBcDeLl;CraftyHands;So creative! I love this idea. üé®;90;2024-05-17T10:05:00Z;2024-05-17T10:05:00Z;NA;Ugw2T-8a-3JFC
nOpQrStUvWw;MusicLoverM;This song never gets old. üé§;240;2024-05-16T22:15:00Z;2024-05-16T22:15:00Z;NA;Ugy4U-1b-6KGD
xYzAbCdEfGg;PetParent;My cat loved this! üòπ So funny.;125;2024-05-15T08:20:00Z;2024-05-15T08:20:00Z;NA;Ugx6V-3c-8LHE
hIjKlMnOoPq;GamerDude;Epic win! Wish I could do that. üòé;290;2024-05-14T16:00:00Z;2024-05-14T16:00:00Z;NA;Ugw9W-5d-0MIJ
rStUvWxYzMm;HealthCoach;Inspiring journey! For health tips, visit: https://www.health.example.com/wellness;150;2024-05-13T07:45:00Z;2024-05-13T07:45:00Z;NA;Ugy1X-7e-2NKF
nOpQrStUvXx;Artist_Pro;The details are incredible. You're a true master! üëå;185;2024-05-12T11:30:00Z;2024-05-12T11:30:00Z;NA;Ugw3Y-9f-5OLG
yZaBcDeFgHh;FoodFan;Definitely trying this next weekend! ü§©;110;2024-05-11T13:40:00Z;2024-05-11T13:40:00Z;NA;Ugy5Z-2g-7PMH
iJkLmNoPpQq;HistorianX;Very informative! Thanks for sharing this piece of history. :-);98;2024-05-10T19:10:00Z;2024-05-10T19:10:00Z;NA;Ugw8A-4h-9QNI
rStUvWxYzNn;Photographer;Stunning composition! How do you achieve such depth? üòÆ;145;2024-05-09T14:20:00Z;2024-05-09T14:20:00Z;NA;Ugx0B-6i-1RJO
oPqRsTuVwXx;TechLover;This is the future! ü§ñ I'm excited. See more here: https://www.futuretech.example.com/;230;2024-05-08T10:00:00Z;2024-05-08T10:00:00Z;NA;Ugy2C-8j-4SKP
yZaBcDeFgIi;NatureExplorer;What a beautiful place! üèûÔ∏è;105;2024-05-07T08:55:00Z;2024-05-07T08:55:00Z;NA;Ugw4D-0k-6TLQ
jKlMnOoPpQq;CraftyMama;My kids will love this! So simple to make. ü•∞;70;2024-05-06T12:30:00Z;2024-05-06T12:30:00Z;NA;Ugy6E-3l-8UMP
rStUvWxYzOo;MusicAddict;Such a talented artist! üëè;205;2024-05-05T21:00:00Z;2024-05-05T21:00:00Z;NA;Ugw9F-5m-0VQN
pQrStUvWxYy;PetGuru;This made my day! So adorable. üòç;320;2024-05-04T18:45:00Z;2024-05-04T18:45:00Z;NA;Ugy1G-7n-2WRO
zAbCdEfGgHh;GamerGod;GG! Absolutely insane plays. üî•;270;2024-05-03T17:10:00Z;2024-05-03T17:10:00Z;NA;Ugw3H-9o-5XSP
iJkLmNoPpQq;WellnessWarrior;Needed this today. Thank you for the positive vibes! ‚ú®;120;2024-05-02T09:30:00Z;2024-05-02T09:30:00Z;NA;Ugy5I-2p-7YTU
rStUvWxYzPp;Artist_Soul;Incredible use of color! üåà So vibrant.;100;2024-05-01T16:50:00Z;2024-05-01T16:50:00Z;NA;Ugw8J-4q-9UVC
qRsTuVwXyZa;FoodLoverL;My mouth is watering! ü§§ Going to try this for sure.;155;2024-04-30T11:20:00Z;2024-04-30T11:20:00Z;NA;Ugx0K-6r-1VWd
bCdEfGhIjKk;HistoryBuffX;Always learn something new from your videos. Fascinating! ü§ì;130;2024-04-29T19:00:00Z;2024-04-29T19:00:00Z;NA;Ugy2L-8s-4WXf
lMnOqRsTuVv;TechInnovator;The future is now! ü§© Read more about it here: https://www.innovation.example.com/future-trends;245;2024-04-28T15:40:00Z;2024-04-28T15:40:00Z;NA;Ugw4M-0t-6XHg
wXyZaBcDeQq;NatureLoverX;So serene. A perfect escape. üçÉ;90;2024-04-27T08:10:00Z;2024-04-27T08:10:00Z;NA;Ugy6N-3u-8YIk
rStUvWxYzRr;DIYExpert;This is brilliant! Why didn't I think of this? :-D;75;2024-04-26T13:25:00Z;2024-04-26T13:25:00Z;NA;Ugw9O-5v-0ZJl
sTuVwXyZaSs;PetLoverX;Too cute to handle! üíñ;300;2024-04-25T20:15:00Z;2024-04-25T20:15:00Z;NA;Ugy1P-7w-2AKn
tUvWxYzAbCc;TravelerT;Absolutely breathtaking! üó∫Ô∏è;170;2024-04-24T10:45:00Z;2024-04-24T10:45:00Z;NA;Ugw3Q-9x-5BOM
dEfGhIjKlLl;GamerPro;This game is pure nostalgia! üéÆ;260;2024-04-23T22:00:00Z;2024-04-23T22:00:00Z;NA;Ugy5R-2y-7CPN
mNoPqRsTuVv;BookwormW;Such a well-written analysis. Highly recommend the book: https://www.book.example.com/novel;140;2024-04-22T14:00:00Z;2024-04-22T14:00:00Z;NA;Ugw8S-4z-9DQP
wXyZaBcDeTt;FitnessGuru;Feeling pumped after watching this! üí™;100;2024-04-21T07:15:00Z;2024-04-21T07:15:00Z;NA;Ugx0T-6a-1ERS
uVwXyZaBcDu;MovieMaven;What a masterpiece! üé¨;210;2024-04-20T18:30:00Z;2024-04-20T18:30:00Z;NA;Ugy2U-8b-4FGT
vWxYzAbCdEe;FashionExpert;So chic! Need to replicate this look. ‚ú®;125;2024-04-19T11:50:00Z;2024-04-19T11:50:00Z;NA;Ugw4V-0c-6HIU
fGhIjKlMmMm;ScienceWhiz;Truly amazing discoveries. üî≠;190;2024-04-18T16:20:00Z;2024-04-18T16:20:00Z;NA;Ugy6W-3d-8IJV
nOpQrStUuVv;DIYDiva;So easy and fun! My new favorite project. üòÑ;80;2024-04-17T09:40:00Z;2024-04-17T09:40:00Z;NA;Ugw9X-5e-0KPW
wXyZaBcDeWw;PetParadise;These animals are so precious! üêæ‚ù§Ô∏è;340;2024-04-16T19:30:00Z;2024-04-16T19:30:00Z;NA;Ugy1Y-7f-2LQZ
xYzAbCdEfXx;HistoryLover;Great historical insights! For more, see: https://www.historychannel.example.com/;150;2024-04-15T14:10:00Z;2024-04-15T14:10:00Z;NA;Ugw3Z-9g-5MRa
yZaBcDeFgYy;FoodExplorer;Looks incredibly tasty! ü§§;160;2024-04-14T12:00:00Z;2024-04-14T12:00:00Z;NA;Ugy5A-2h-7NSb
zAbCdEfGgZz;PhotographerP;Such vibrant colors! Well done. :-);110;2024-04-13T17:00:00Z;2024-04-13T17:00:00Z;NA;Ugw8B-4i-9OTc
aBcDeFgHiAa;TechGeekG;This changes everything! ü§Ø;250;2024-04-12T10:30:00Z;2024-04-12T10:30:00Z;NA;Ugx0C-6j-1PUd
bCdEfGhIjBb;NatureLoverA;Absolutely stunning scenery. üèûÔ∏è;95;2024-04-11T08:20:00Z;2024-04-11T08:20:00Z;NA;Ugy2D-8k-4QVe
cDeFgHiJkCc;Artist_Genius;Your talent is truly inspiring! üíñ;170;2024-04-10T21:20:00Z;2024-04-10T21:20:00Z;NA;Ugw4E-0l-6RWf
dEfGhIjKlDd;MusicMaestro;Pure genius! Can't stop listening. üéß;280;2024-04-09T23:00:00Z;2024-04-09T23:00:00Z;NA;Ugy6F-3m-8SXg
eFgHiJkLmEe;PetWhisperer;So heartwarming! ü•∞;310;2024-04-08T09:00:00Z;2024-04-08T09:00:00Z;NA;Ugw9G-5n-0TYh
fGhIjKlMnFf;GamerElite;Mind-blowing strategy! üèÜ;295;2024-04-07T16:40:00Z;2024-04-07T16:40:00Z;NA;Ugy1H-7o-2UZi
gHiJkLmNoGg;WellnessGuru;This helped me so much! Thank you. üôè;135;2024-04-06T07:50:00Z;2024-04-06T07:50:00Z;NA;Ugw3I-9p-5VKk
hIjKlMnOoHh;ScienceNerd;The details are incredible. üß™;200;2024-04-05T15:10:00Z;2024-04-05T15:10:00Z;NA;Ugy5J-2q-7WLl
iJkLmNoPpIi;DIYCreator;Amazing! I'm going to try this right now. https://www.diy.example.com/easy-projects;88;2024-04-04T11:05:00Z;2024-04-04T11:05:00Z;NA;Ugw8K-4r-9XMo
jKlMnOoPpJj;TravelAddict;Makes me want to pack my bags! ‚úàÔ∏è;180;2024-04-03T14:30:00Z;2024-04-03T14:30:00Z;NA;Ugx0L-6s-1YNP
kLmNoPpQqKk;BookLoverB;Such a powerful message. üìñ;160;2024-04-02T17:55:00Z;2024-04-02T17:55:00Z;NA;Ugy2M-8t-4ZOP
lMnOqRsTuLl;FitnessFan;Pure motivation! üí™;115;2024-04-01T08:00:00Z;2024-04-01T08:00:00Z;NA;Ugw4N-0u-6APQ
mNoPqRsTuMm;MovieFanatic;Couldn't take my eyes off the screen! üëÄ;220;2024-03-31T20:30:00Z;2024-03-31T20:30:00Z;NA;Ugy6O-3v-8BQR
nOpQrStUvNn;FashionistaX;Absolutely fabulous! ‚ú®;130;2024-03-30T13:00:00Z;2024-03-30T13:00:00Z;NA;Ugw9P-5w-0CRT
oPqRsTuVwOo;ScienceCurious;This explained everything! So clear. ü§ì;210;2024-03-29T16:50:00Z;2024-03-29T16:50:00Z;NA;Ugy1Q-7x-2DSU
pQrStUvWxPp;DIYPro;Saved me so much money! Thanks! :-);92;2024-03-28T09:10:00Z;2024-03-28T09:10:00Z;NA;Ugw3R-9y-5ETV
qRsTuVwXyQq;PetOwner;My heart melted! üòª;360;2024-03-27T19:40:00Z;2024-03-27T19:40:00Z;NA;Ugy5S-2z-7FUW
rStUvWxYzRr;HistoryEnthusiast;Incredible historical journey! A must-watch: https://www.documentaries.example.com/;170;2024-03-26T14:00:00Z;2024-03-26T14:00:00Z;NA;Ugw8T-4a-9GVX
sTuVwXyZaSs;FoodieLife;Yum! Looks so good. üòã;185;2024-03-25T12:20:00Z;2024-03-25T12:20:00Z;NA;Ugx0U-6b-1HWY
tUvWxYzAbTt;PhotoBuff;The colors are stunning! üé®;105;2024-03-24T17:20:00Z;2024-03-24T17:20:00Z;NA;Ugy2V-8c-4IXZ
uVwXyZaBcUu;TechGuru99;Can't believe this is real! ü§Ø;260;2024-03-23T10:50:00Z;2024-03-23T10:50:00Z;NA;Ugw4W-0d-6JYa
vWxYzAbCdVv;NatureLoverB;Pure bliss. üåø;110;2024-03-22T08:30:00Z;2024-03-22T08:30:00Z;NA;Ugy6X-3e-8KZb
wXyZaBcDeWw;Artist_Dreamer;So inspiring, thank you! ‚ú®;190;2024-03-21T21:00:00Z;2024-03-21T21:00:00Z;NA;Ugw9Y-5f-0LAc
xYzAbCdEfXx;MusicLoverZ;This song lifts my spirits! üòä;230;2024-03-20T22:45:00Z;2024-03-20T22:45:00Z;NA;Ugy1Z-7g-2MBd
yZaBcDeFgYy;PetLoverY;Best video ever! So funny. üòÇ;330;2024-03-19T09:50:00Z;2024-03-19T09:50:00Z;NA;Ugw3A-9h-5NCE
zAbCdEfGgZz;GamerChampion;Absolutely legendary play! ü§©;305;2024-03-18T16:15:00Z;2024-03-18T16:15:00Z;NA;Ugy5B-2i-7ODF
aBcDeFgHiAa;HealthSeeker;So many good points here. Read more: https://www.wellness.example.com/tips;145;2024-03-17T07:20:00Z;2024-03-17T07:20:00Z;NA;Ugw8C-4j-9PEF
bCdEfGhIjBb;Artist_Vision;The creativity is off the charts! üíØ;175;2024-03-16T11:40:00Z;2024-03-16T11:40:00Z;NA;Ugx0D-6k-1QFG
cDeFgHiJkCc;FoodFanatic;Must try these recipes! ü•≥;120;2024-03-15T13:50:00Z;2024-03-15T13:50:00Z;NA;Ugy2E-8l-4RGH
dEfGhIjKlDd;HistoryFacts;Very well researched! üëè;100;2024-03-14T19:20:00Z;2024-03-14T19:20:00Z;NA;Ugw4F-0m-6SIJ
eFgHiJkLmEe;PhotographerPro;Incredible storytelling through images. üì∏;150;2024-03-13T14:40:00Z;2024-03-13T14:40:00Z;NA;Ugy6G-3n-8TKL
fGhIjKlMnFf;TechPioneer;This is truly revolutionary. Check it out: https://www.revolution.example.com/;270;2024-03-12T10:10:00Z;2024-03-12T10:10:00Z;NA;Ugw9H-5o-0ULM
gHiJkLmNoGg;NatureLoverC;Peaceful and beautiful moments. üòå;100;2024-03-11T08:40:00Z;2024-03-11T08:40:00Z;NA;Ugy1I-7p-2VNM
hIjKlMnOoHh;DIYEnthusiast;So many great ideas! Thank you. üòä;85;2024-03-10T12:50:00Z;2024-03-10T12:50:00Z;NA;Ugw3J-9q-5WOP
iJkLmNoPpIi;PetLoverZ;Can't stop smiling! üòÑ;350;2024-03-09T20:00:00Z;2024-03-09T20:00:00Z;NA;Ugy5K-2r-7XPQ
jKlMnOoPpJj;TravelerX;Makes me want to book a flight! ‚úàÔ∏èüåç;195;2024-03-08T15:00:00Z;2024-03-08T15:00:00Z;NA;Ugw8L-4s-9YQR
kLmNoPpQqKk;GamerMaster;Skill level: GOD! ü§Ø;320;2024-03-07T17:30:00Z;2024-03-07T17:30:00Z;NA;Ugx0M-6t-1ZRS
lMnOqRsTuLl;BookwormY;A must-read for everyone. üìñ;155;2024-03-06T18:00:00Z;2024-03-06T18:00:00Z;NA;Ugy2N-8u-4ATU
mNoPqRsTuMm;FitnessAddict;So motivating! Keep crushing it. üí™;125;2024-03-05T07:00:00Z;2024-03-05T07:00:00Z;NA;Ugw4O-0v-6BUW
nOpQrStUvNn;MovieCritic;This film left me speechless. ü§©;240;2024-03-04T21:10:00Z;2024-03-04T21:10:00Z;NA;Ugy6P-3w-8CVX
oPqRsTuVwOo;FashionIcon;Inspired by this look! ‚ú®;140;2024-03-03T13:30:00Z;2024-03-03T13:30:00Z;NA;Ugw9Q-5x-0DWY
pQrStUvWxPp;ScienceGeekS;So mind-boggling! üî¨ Check out this article: https://www.sciencejournal.example.com/latest;220;2024-03-02T16:00:00Z;2024-03-02T16:00:00Z;NA;Ugy1R-7y-2EXZ
qRsTuVwXyQq;DIYQueenQ;Absolutely brilliant! üòÑ;90;2024-03-01T09:20:00Z;2024-03-01T09:20:00Z;NA;Ugw3S-9z-5FYb
rStUvWxYzRr;PetLoverL;So adorable, my heart! ‚ù§Ô∏è;370;2024-02-29T19:50:00Z;2024-02-29T19:50:00Z;NA;Ugy5T-2a-7GZc
sTuVwXyZaSs;HistoryPro;Such a rich history lesson. üìú;165;2024-02-28T14:20:00Z;2024-02-28T14:20:00Z;NA;Ugw8U-4b-9HAe
tUvWxYzAbTt;FoodFanX;This looks like heaven! ü§§;190;2024-02-27T12:40:00Z;2024-02-27T12:40:00Z;NA;Ugx0V-6c-1IBf
uVwXyZaBcUu;PhotographerX;Beautiful depth of field. üì∏;115;2024-02-26T17:10:00Z;2024-02-26T17:10:00Z;NA;Ugy2W-8d-4JCg
vWxYzAbCdVv;TechAddict;The future is here! üöÄ;280;2024-02-25T10:00:00Z;2024-02-25T10:00:00Z;NA;Ugw4X-0e-6KDi
wXyZaBcDeWw;NatureLoverD;Simply stunning. üå≤;105;2024-02-24T08:50:00Z;2024-02-24T08:50:00Z;NA;Ugy6Y-3f-8LEj
xYzAbCdEfXx;Artist_Guru;Masterpiece! Every detail is perfect. üëå;200;2024-02-23T21:30:00Z;2024-02-23T21:30:00Z;NA;Ugw9Z-5g-0MFk
yZaBcDeFgYy;MusicEnthusiast;This just made my day. üé∂;250;2024-02-22T22:20:00Z;2024-02-22T22:20:00Z;NA;Ugy1a-7h-2NGl
zAbCdEfGgZz;PetLoverA;So cute I could cry! ü•π;380;2024-02-21T09:15:00Z;2024-02-21T09:15:00Z;NA;Ugw3b-9i-5OIn
aBcDeFgHiAa;GamerQueen;What an amazing player! üëë;315;2024-02-20T16:30:00Z;2024-02-20T16:30:00Z;NA;Ugy5c-2j-7PJp
bCdEfGhIjBb;HealthConscious;Very informative, thank you! More resources here: https://www.healthylife.example.com/;155;2024-02-19T07:40:00Z;2024-02-19T07:40:00Z;NA;Ugw8d-4k-9QKq
cDeFgHiJkCc;Artist_Inspo;This inspires me to create! üé®;180;2024-02-18T11:25:00Z;2024-02-18T11:25:00Z;NA;Ugx0e-6l-1RLr
dEfGhIjKlDd;FoodCriticC;This is a work of art! üßë‚Äçüç≥;130;2024-02-17T13:00:00Z;2024-02-17T13:00:00Z;NA;Ugy2f-8m-4SMs
eFgHiJkLmEe;HistoryExpert;Fascinating subject matter. üßê;110;2024-02-16T19:00:00Z;2024-02-16T19:00:00Z;NA;Ugw4g-0n-6TNu
fGhIjKlMnFf;PhotographerP;The light is perfect. :-D;160;2024-02-15T14:00:00Z;2024-02-15T14:00:00Z;NA;Ugy6h-3o-8UVo
gHiJkLmNoGg;TechVisionary;Beyond impressive! ü§©;290;2024-02-14T10:40:00Z;2024-02-14T10:40:00Z;NA;Ugw9i-5p-0WWq
hIjKlMnOoHh;NatureExplorerX;Such a calming video. üßò‚Äç‚ôÄÔ∏è;115;2024-02-13T08:00:00Z;2024-02-13T08:00:00Z;NA;Ugy1j-7q-2XYr
iJkLmNoPpIi;DIYCrafty;So clever! I'll be trying this. üòâ;95;2024-02-12T12:10:00Z;2024-02-12T12:10:00Z;NA;Ugw3k-9r-5YZt
jKlMnOoPpJj;PetLoverB;Made me smile from ear to ear! üòÑ;390;2024-02-11T20:20:00Z;2024-02-11T20:20:00Z;NA;Ugy5l-2s-7ZAu
kLmNoPpQqKk;TravelDreamer;My next adventure! üåç;200;2024-02-10T15:30:00Z;2024-02-10T15:30:00Z;NA;Ugw8m-4t-9BAv
lMnOqRsTuLl;GamerGirlG;Amazing reflexes! üéÆ;330;2024-02-09T17:40:00Z;2024-02-09T17:40:00Z;NA;Ugx0n-6u-1CBw
mNoPqRsTuMm;BookwormC;Such a deep discussion. A must-watch for philosophy lovers: https://www.philosophy.example.com/;170;2024-02-08T18:15:00Z;2024-02-08T18:15:00Z;NA;Ugy2o-8v-4DCx
nOpQrStUvNn;FitnessChampion;Feeling inspired! üî•;135;2024-02-07T07:30:00Z;2024-02-07T07:30:00Z;NA;Ugw4p-0w-6EGy
oPqRsTuVwOo;MovieBuffM;An absolute masterpiece! üçø;250;2024-02-06T21:00:00Z;2024-02-06T21:00:00Z;NA;Ugy6q-3x-8FH0
pQrStUvWxPp;FashionistaA;Obsessed with this style! ‚ú®;145;2024-02-05T13:10:00Z;2024-02-05T13:10:00Z;NA;Ugw9r-5y-0GI1
qRsTuVwXyQq;ScienceLover;This blew my mind! ü§Ø;230;2024-02-04T16:40:00Z;2024-02-04T16:40:00Z;NA;Ugy1s-7z-2HJ2
rStUvWxYzRr;DIYMaster;So clever and practical! üëç;100;2024-02-03T09:30:00Z;2024-02-03T09:30:00Z;NA;Ugw3t-9a-5IK3
sTuVwXyZaSs;PetFanatic;Can't get enough of this! üòç;400;2024-02-02T20:00:00Z;2024-02-02T20:00:00Z;NA;Ugy5u-2b-7JL4
tUvWxYzAbTt;HistoryGeek;Remarkable historical account. ü§ì;175;2024-02-01T14:50:00Z;2024-02-01T14:50:00Z;NA;Ugw8v-4c-9KM5
uVwXyZaBcUu;FoodieGuru;Absolutely divine! üòã;205;2024-01-31T12:00:00Z;2024-01-31T12:00:00Z;NA;Ugx0w-6d-1LNN
vWxYzAbCdVv;PhotoArtist;The composition is flawless! üì∏;120;2024-01-30T17:30:00Z;2024-01-30T17:30:00Z;NA;Ugy2x-8e-4MOP
wXyZaBcDeWw;ReviewerBot;Hmm, the quality isn't quite what I expected. Maybe next time.;5;2024-01-29T10:00:00Z;2024-01-29T10:00:00Z;NA;Ugx4y-0f-6NPQ
xYzAbCdEfXx;UserCommenter;I think @CreatorGuru could improve the sound. Check this out at 02:15.;12;2024-01-28T15:00:00Z;2024-01-28T15:00:00Z;NA;Ugx6z-3g-8OQR
yZaBcDeFgYy;DisappointedViewer;This was a waste of my time. üò†;2;2024-01-27T18:30:00Z;2024-01-27T18:30:00Z;NA;Ugx9A-5h-0PRS
zAbCdEfGgZz;NeutralObserver;It's an interesting topic, but the delivery could be more engaging.;18;2024-01-26T11:00:00Z;2024-01-26T11:00:00Z;NA;Ugy1B-7i-2QST
aBcDeFgHiAa;ConstructiveCritic;I found some parts confusing at 05:30. Perhaps a clearer explanation?;7;2024-01-25T09:00:00Z;2024-01-25T09:00:00Z;NA;Ugw3C-9j-5RUV
bCdEfGhIjBb;PositiveVibes;Absolutely loved it! üòä Keep up the fantastic work!;99;2024-01-24T14:00:00Z;2024-01-24T14:00:00Z;NA;Ugy5D-2k-7SVW
cDeFgHiJkCc;FeedbackFan;Good effort, but there's room for improvement.;10;2024-01-23T20:00:00Z;2024-01-23T20:00:00Z;NA;Ugw8E-4l-9TWX
dQw4w9WgXcQ;AnonymousUser;Just watched this. Nothing special.;3;2024-01-22T16:00:00Z;2024-01-22T16:00:00Z;NA;Ugx0F-6m-1UYZ
xyz789AbCde;ConcernedCitizen;The information at 03:00 seems inaccurate. @FactChecker, can you verify?;22;2024-01-21T11:30:00Z;2024-01-21T11:30:00Z;NA;Ugy2G-8n-4VZa
fGHjKlMnOpq;HappyViewer;Perfect video for a rainy day! üíñ;67;2024-01-20T08:00:00Z;2024-01-20T08:00:00Z;NA;Ugw4H-0o-6WAb
PqRsTuVwXyz;CriticalEye;I expected more from this. The ending was weak at 10:00.;9;2024-01-19T19:00:00Z;2024-01-19T19:00:00Z;NA;Ugy6I-3p-8XBc
aBcDeFgHiJk;NewbieExplorer;Interesting, but a bit slow-paced.;15;2024-01-18T12:45:00Z;2024-01-18T12:45:00Z;NA;Ugw9J-5q-0YCd
LmNoPqRsTuv;Fanboi;This video is pure fire! üî• So good!;120;2024-01-17T22:00:00Z;2024-01-17T22:00:00Z;NA;Ugy1K-7r-2ZDe
wXyZaBcDeFf;GrumpyOldMan;Another pointless video. What a waste of time.;1;2024-01-16T17:00:00Z;2024-01-16T17:00:00Z;NA;Ugw3L-9s-5AEf
gHiJkLmNoPp;RandomCommenter;Just passing by. üëã;6;2024-01-15T09:30:00Z;2024-01-15T09:30:00Z;NA;Ugy5M-2t-7BFg
QrStUvWxYza;InsightfulViewer;The point made at 07:45 was particularly strong. Great job.;45;2024-01-14T14:10:00Z;2024-01-14T14:10:00Z;NA;Ugw8N-4u-9CGh
bCdEfGhIjJk;SkepticalDude;I'm not convinced. The data isn't strong enough.;4;2024-01-13T10:00:00Z;2024-01-13T10:00:00Z;NA;Ugx0O-6v-1DIi
lMnOqRsTuUv;AppreciativeSoul;Thank you for making this! It helped me a lot. üôè;88;2024-01-12T15:30:00Z;2024-01-12T15:30:00Z;NA;Ugy2P-8w-4EJj
wXyZaBcDeGg;ConfusedUser;Can someone explain what's happening at 01:20?;1;2024-01-11T18:00:00Z;2024-01-11T18:00:00Z;NA;Ugw4Q-0x-6FKk
hIjKlMnOoPq;EnthusiasticFan;This is my new favorite video! You rock! ü•≥;115;2024-01-10T20:00:00Z;2024-01-10T20:00:00Z;NA;Ugy6R-3y-8GLl
RsTuVwXyZaB;NegativeNancy;Horrible editing and boring content.;0;2024-01-09T11:00:00Z;2024-01-09T11:00:00Z;NA;Ugw9S-5z-0HMm
cDeFgHiJkLl;ThoughtProvoker;Made me think. ü§î Thanks for that.;30;2024-01-08T13:00:00Z;2023-12-31T16:00:00Z;NA;Ugy1T-7a-2INO
mNoPqRsTuVv;QuickWatcher;Watched this on 1.5x speed. Still a bit slow.;8;2024-01-07T10:00:00Z;2023-12-30T12:00:00Z;NA;Ugw3U-9b-5JPQ
wXyZaBcDeHh;SupportiveFan;So glad I found your channel! You deserve more subs! ‚ù§Ô∏è;90;2024-01-06T16:30:00Z;2023-12-29T10:30:00Z;NA;Ugy5V-2c-7KQR
iJkLmNoPpQq;HaterX;This is just clickbait. üëé;0;2024-01-05T19:00:00Z;2023-12-28T15:00:00Z;NA;Ugw8W-4d-9LRS
rStUvWxYzAa;CuriousMind;Is there a part 2 coming? Looking forward to it!;25;2024-01-04T14:00:00Z;2023-12-27T18:00:00Z;NA;Ugx0X-6e-1MST
bCdEfGhIjKk;OldSchoolGamer;Reminds me of classic YouTube. Good stuff.;19;2024-01-03T11:00:00Z;2023-12-26T09:00:00Z;NA;Ugy2Y-8f-4NTU
lMnOqRsTuVv;ChillVibes;Perfect background noise for studying.;11;2024-01-02T08:30:00Z;2023-12-25T14:00:00Z;NA;Ugw4Z-0g-6OUV
wXyZaBcDeIi;FunnyGuy;My sides hurt from laughing! üòÇ @ComedyKing, you nailed it!;75;2024-01-01T21:00:00Z;2023-12-24T20:00:00Z;NA;Ugy6a-3h-8PWW
jKlMnOoPpQq;LearningLover;Very educational! The explanation at 04:50 was brilliant.;55;2023-12-31T16:00:00Z;2023-12-23T11:00:00Z;NA;Ugw9b-5i-0QXX
rStUvWxYzBb;Unimpressed;Honestly, kind of boring. Not worth the watch.;0;2023-12-30T12:00:00Z;2023-12-22T17:00:00Z;NA;Ugy1c-7j-2RYY
cDeFgHiJkLk;LoyalFan;Always amazing content from you! Keep it up! ü§©;105;2023-12-29T10:30:00Z;2023-12-21T13:00:00Z;NA;Ugw3d-9k-5SZa
mNoPqRsTuVv;BalancedReview;It has its moments, but also some flaws.;14;2023-12-28T15:00:00Z;2023-12-20T10:00:00Z;NA;Ugy5e-2l-7ABb
wXyZaBcDeJj;EngagedViewer;Fantastic discussion! I'd love to hear more about [topic] at 08:00.;40;2023-12-27T18:00:00Z;2023-12-19T16:00:00Z;NA;Ugw8f-4m-9BCc
kLmNoPpQqRr;SeekingTruth;Is this really true? Some parts feel a bit exaggerated.;6;2023-12-26T09:00:00Z;2023-12-18T22:00:00Z;NA;Ugx0g-6n-1CDd
sTuVwXyZaCc;PositiveEnergy;Sending good vibes your way! ‚ú®;77;2023-12-25T14:00:00Z;2023-12-17T19:00:00Z;NA;Ugy2h-8o-4DEe
dEfGhIjKlLl;JustMe;Pretty standard video. Nothing new, nothing bad.;9;2023-12-24T20:00:00Z;2023-12-16T14:00:00Z;NA;Ugw4i-0p-6EFf
mNoPqRsTuVv;DeepThinker;This raised some profound questions. Thank you.;33;2023-12-23T11:00:00Z;2023-12-15T08:00:00Z;NA;Ugy6j-3q-8FHg
wXyZaBcDeKk;SpeedyViewer;Skipped to 03:45 for the main point.;2;2023-12-22T17:00:00Z;2023-12-14T11:30:00Z;NA;Ugw9k-5r-0GIL
lMnOqRsTuVv;GreatfulHeart;This cheered me up! ü•∞ What a delightful video!;82;2023-12-21T13:00:00Z;2023-12-13T13:00:00Z;NA;Ugy1l-7s-2HMN
mNoPqRsTuVv;Disliker;Why was this even made? Utter trash. üò°;0;2023-12-20T10:00:00Z;2023-12-12T18:00:00Z;NA;Ugw3m-9t-5INO
wXyZaBcDeLl;HopefulViewer;Hoping for more content like this soon!;28;2023-12-19T16:00:00Z;2023-12-11T15:00:00Z;NA;Ugy5n-2u-7JPQ
nOpQrStUvWw;MusicLoverPro;A true banger! üé∂ Check out @AwesomeBeats for similar tunes!;60;2023-12-18T22:00:00Z;2023-12-10T10:00:00Z;NA;Ugw8o-4v-9KQR
xYzAbCdEfGg;PetEnthusiast;My dog is watching this with me! So cute! üê∂;150;2023-12-17T19:00:00Z;2023-12-09T09:00:00Z;NA;Ugx0p-6w-1LRS
hIjKlMnOoPq;CompetitiveGamer;Not enough action for me. Needs more intense moments at 01:00.;11;2023-12-16T14:00:00Z;2023-12-08T14:00:00Z;NA;Ugy2q-8x-4MST
rStUvWxYzMm;LifeCoachLover;This really resonated with me. Deep insights.;50;2023-12-15T08:00:00Z;2023-12-07T21:00:00Z;NA;Ugw4r-0y-6NUV
nOpQrStUvXx;ArtCritique;The composition is off at 00:45. Could be improved.;3;2023-12-14T11:30:00Z;2023-12-06T18:30:00Z;NA;Ugy6s-3z-8OWW
yZaBcDeFgHh;FoodieAdventurer;Looks unique! I'm curious about the spice blend.;20;2023-12-13T13:00:00Z;2023-12-05T16:00:00Z;NA;Ugw9t-5a-0PXb
iJkLmNoPpQq;HistoryNerd;Another great historical overview. Nicely done.;27;2023-12-12T18:00:00Z;2023-12-04T09:30:00Z;NA;Ugy1u-7b-2QYc
rStUvWxYzNn;PhotoBuff;Amazing use of natural light!;38;2023-12-11T15:00:00Z;2023-12-03T12:00:00Z;NA;Ugw3v-9c-5RZd
oPqRsTuVwXx;FutureTechie;Can't wait to see this tech in action! ü§©;85;2023-12-10T10:00:00Z;2023-12-02T10:00:00Z;NA;Ugy5w-2d-7ASf
yZaBcDeFgIi;ForestDweller;The sounds of nature are so soothing. üå≥;42;2023-12-09T09:00:00Z;2023-12-01T19:00:00Z;NA;Ugw8x-4e-9BTg
jKlMnOoPpQq;CraftsPerson;Inspired by your creativity! ‚ú®;55;2023-12-08T14:00:00Z;2023-11-30T14:00:00Z;NA;Ugx0y-6f-1CUh
rStUvWxYzOo;SoulfulSinger;This voice gives me goosebumps! üé§;70;2023-12-07T21:00:00Z;2023-11-29T08:00:00Z;NA;Ugy2z-8g-4DVj
pQrStUvWxYy;AnimalLover;Such precious moments! My heart. ‚ù§Ô∏è;165;2023-12-06T18:30:00Z;2023-11-28T11:00:00Z;NA;Ugw4A-0h-6EWk
zAbCdEfGgHh;ProGamer;Solid gameplay at 03:00. Needs more clutch moments though.;29;2023-12-05T16:00:00Z;2023-11-27T20:00:00Z;NA;Ugy6B-3i-8FCl
iJkLmNoPpQq;MindfulnessCoach;A truly calming experience. Thank you. üôè;62;2023-12-04T09:30:00Z;2023-11-26T15:00:00Z;NA;Ugw9C-5j-0GDM
rStUvWxYzPp;ArtHistorian;Fascinating insights into the artist's process.;21;2023-12-03T12:00:00Z;2023-11-25T22:00:00Z;NA;Ugy1D-7k-2HEN
qRsTuVwXyZa;TasteTester;The flavor combination looks bold. Not sure I'd like it.;13;2023-12-02T10:00:00Z;2023-11-24T14:00:00Z;NA;Ugw3E-9l-5IFP
bCdEfGhIjKk;AncientHistory;Always learning something new from your channel!;35;2023-12-01T19:00:00Z;2023-11-23T07:00:00Z;NA;Ugy5F-2m-7JGQ
lMnOqRsTuVv;Innovator;This concept is groundbreaking! Where can I read more? https://www.breakthroughs.example.com;95;2023-11-30T14:00:00Z;2023-11-22T18:30:00Z;NA;Ugw8G-4n-9KHP
wXyZaBcDeQq;ChillLover;Perfect video to unwind after a long day. üòå;48;2023-11-29T08:00:00Z;2023-11-21T11:00:00Z;NA;Ugx0H-6o-1LIc
rStUvWxYzRr;CreativeSoul;Such a fantastic idea! I'm inspired.;70;2023-11-28T11:00:00Z;2023-11-20T16:00:00Z;NA;Ugy2I-8p-4MJd
sTuVwXyZaSs;CuteWatcher;My heart just melted! So pure! üíñ;180;2023-11-27T20:00:00Z;2023-11-19T09:00:00Z;NA;Ugw4J-0q-6NKe
tUvWxYzAbCc;WorldExplorer;Adding this to my travel plans! üó∫Ô∏è @TravelBuddy, let's go!;80;2023-11-26T15:00:00Z;2023-11-18T19:30:00Z;NA;Ugy6K-3r-8OLf
dEfGhIjKlLl;RetroGamer;The nostalgia is real with this one. üéÆ;100;2023-11-25T22:00:00Z;2023-11-17T14:00:00Z;NA;Ugw9L-5s-0PMg
mNoPqRsTuVv;BookCritic;The analysis was a bit shallow. Expected more depth.;10;2023-11-15T11:00:00Z;2023-11-16T12:00:00Z;NA;Ugy1M-7t-2QNh
wXyZaBcDeTt;WorkoutFan;Feeling motivated to hit the gym! üí™;60;2023-11-23T07:00:00Z;2023-11-15T17:00:00Z;NA;Ugw3N-9u-5ROi
uVwXyZaBcDu;FilmLover;Such a powerful cinematic experience.;75;2023-11-22T18:30:00Z;2023-11-14T10:00:00Z;NA;Ugy5O-2v-7SPj
vWxYzAbCdEe;StyleGuru;Love the fashion tips! So chic. ‚ú®;55;2023-11-21T11:00:00Z;2023-11-13T08:00:00Z;NA;Ugw8P-4w-9TQl
fGhIjKlMmMm;PhysicsFan;Mind-bending concepts explained clearly!;68;2023-11-20T16:00:00Z;2023-11-12T21:00:00Z;NA;Ugx0Q-6x-1URm
nOpQrStUuVv;DIYBeginner;This looks manageable even for me! Thanks!;30;2023-11-19T09:00:00Z;2023-11-11T22:00:00Z;NA;Ugy2R-8y-4VSn
wXyZaBcDeWw;AnimalRescuer;Heartwarming beyond words. Thank you for sharing. ‚ù§Ô∏è;190;2023-11-18T19:30:00Z;2023-11-10T09:00:00Z;NA;Ugw4S-0z-6WTo
xYzAbCdEfXx;HistoryBuff_1;Intriguing historical context. A good watch.;44;2023-11-17T14:00:00Z;2023-11-09T16:00:00Z;NA;Ugy6T-3a-8XUp
yZaBcDeFgYy;FoodCritic_1;The presentation is beautiful. Looks promising.;52;2023-11-16T12:00:00Z;2023-11-08T07:30:00Z;NA;Ugw9U-5b-0YVq
zAbCdEfGgZz;Photography_Fan;Stunning shots! What gear do you use?;37;2023-11-15T17:00:00Z;2023-11-07T15:00:00Z;NA;Ugy1V-7c-2ZWr
aBcDeFgHiAa;FutureTech_1;This is the future! Truly inspiring. üöÄ;110;2023-11-14T10:00:00Z;2023-11-06T11:00:00Z;NA;Ugw3W-9d-5AXs
bCdEfGhIjBb;Nature_Lover;Pure tranquility. Love these sounds. üßò‚Äç‚ôÄÔ∏è;40;2023-11-13T08:00:00Z;2023-11-05T14:00:00Z;NA;Ugy5X-2e-7BYt
cDeFgHiJkCc;Artist_Novice;Your art is captivating! So much to learn.;50;2023-11-12T21:00:00Z;2023-11-04T18:00:00Z;NA;Ugw8Y-4f-9CZv
dEfGhIjKlDd;Music_Head;Can't stop grooving to this! üéß;130;2023-11-11T22:00:00Z;2023-11-03T07:00:00Z;NA;Ugx0Z-6g-1DAw
eFgHiJkLmEe;Pet_Owner;My pets are glued to the screen! So funny. üòÇ;155;2023-11-10T09:00:00Z;2023-11-02T20:00:00Z;NA;Ugy2a-8h-4EBx
fGhIjKlMnFf;Gaming_Legend;Unbelievable skill! A true masterclass. üèÜ;140;2023-11-09T16:00:00Z;2023-11-01T13:00:00Z;NA;Ugw4b-0i-6FCy
gHiJkLmNoGg;Wellness_Seeker;This truly brought me peace. Namaste. üôè;65;2023-11-08T07:30:00Z;2023-10-31T16:00:00Z;NA;Ugy6c-3j-8GDz
hIjKlMnOoHh;Science_Fan;Mind-blowing information! Great work.;72;2023-11-07T15:00:00Z;2023-10-30T09:00:00Z;NA;Ugw9d-5k-0HE0
iJkLmNoPpIi;DIY_Lover;Such clever tips! Definitely trying these. üòâ;39;2023-11-06T11:00:00Z;2023-10-29T19:00:00Z;NA;Ugy1e-7l-2IF1
jKlMnOoPpJj;Travel_Addict_1;Dreamy landscapes. Need to visit! ‚úàÔ∏è;88;2023-11-05T14:00:00Z;2023-10-28T14:00:00Z;NA;Ugw3f-9m-5JGU
kLmNoPpQqKk;Book_Club;An essential read. Highly recommended.;60;2023-11-04T18:00:00Z;2023-10-27T12:00:00Z;NA;Ugy5g-2n-7KHV
lMnOqRsTuLl;Fitness_Pro;Great form and technique! üí™;78;2023-11-03T07:00:00Z;2023-10-26T17:00:00Z;NA;Ugw8h-4o-9LIW
mNoPqRsTuMm;Movie_Enthusiast;This film is a hidden gem. So impactful.;85;2023-11-02T20:00:00Z;2023-10-25T10:00:00Z;NA;Ugx0i-6p-1MJJ
nOpQrStUvNn;Fashion_Insider;Trendsetting looks! Love this. ‚ú®;58;2023-11-01T13:00:00Z;2023-10-24T08:00:00Z;NA;Ugy2j-8q-4NKH
oPqRsTuVwOo;Science_Nerd;Mind-blowing discoveries! ü§Ø;92;2023-10-31T16:00:00Z;2023-10-23T21:00:00Z;NA;Ugw4k-0r-6OLJ
pQrStUvWxPp;DIY_Home;So many practical ideas. Thanks!;33;2023-10-30T09:00:00Z;2023-10-22T22:00:00Z;NA;Ugy6l-3s-8PMK
qRsTuVwXyQq;Pet_Lover_1;Pure joy in one video! üòç;185;2023-10-29T19:00:00Z;2023-10-21T09:00:00Z;NA;Ugw9m-5t-0QNL
rStUvWxYzRr;History_Aficionado;A very compelling narrative. Well told.;70;2023-10-28T14:00:00Z;2023-10-20T16:00:00Z;NA;Ugy1n-7u-2ROM
sTuVwXyZaSs;Food_Lover_1;My new go-to recipe! So delicious. üòã;99;2023-10-27T12:00:00Z;2023-10-27T12:00:00Z;NA;Ugw3o-9v-5SPN
tUvWxYzAbTt;Photography_Guru;The composition is absolutely breathtaking. üì∏;63;2023-10-26T17:00:00Z;2023-10-26T17:00:00Z;NA;Ugy5p-2w-7TQP
uVwXyZaBcUu;Tech_Innovator;This is a game changer! üöÄ;120;2023-10-25T10:00:00Z;2023-10-25T10:00:00Z;NA;Ugw8q-4x-9RUQ
vWxYzAbCdVv;Nature_Explorer_1;So peaceful and beautiful. A true escape. üåø;50;2023-10-24T08:00:00Z;2023-10-24T08:00:00Z;NA;Ugx0r-6y-1SVU
wXyZaBcDeWw;Art_Lover_1;Your creativity shines through! ‚ú®;75;2023-10-23T21:00:00Z;2023-10-23T21:00:00Z;NA;Ugy2s-8z-4TWV
xYzAbCdEfXx;Music_Fanatic_1;Can't stop listening to this! What a track. üéß;110;2023-10-22T22:00:00Z;2023-10-22T22:00:00Z;NA;Ugw4t-0a-6UXY
yZaBcDeFgYy;Pet_Parent_1;My fur baby loves this video too! üê∂;160;2023-10-21T09:00:00Z;2023-10-21T09:00:00Z;NA;Ugy6u-3b-8VYZ
zAbCdEfGgZz;Gamer_Pro_1;Incredible skills! What a performance. üèÜ;145;2023-10-20T16:00:00Z;2023-10-20T16:00:00Z;NA;Ugw9v-5c-0WZa
